{"cameraMode":{"drawMode":0,"name":"Shaded","section":"Shading Mode"},"sceneLighting":true,"audioPlay":false,"sceneViewState":{"showFog":false,"showMaterialUpdate":false,"showSkybox":false,"showFlares":false,"showImageEffects":false,"showParticleSystems":true},"in2DMode":false,"pivot":{"x":-0.8966212272644043,"y":-0.9374378323554993,"z":7.9572367668151859},"rotation":{"x":-0.178188756108284,"y":0.11102677881717682,"z":-0.020239006727933885,"w":-0.977504312992096},"size":30.923673629760743,"orthographic":false}